{"cameraMode":{"drawMode":0,"name":"Shaded","section":"Shading Mode"},"sceneLighting":true,"audioPlay":false,"sceneViewState":{"showFog":true,"showMaterialUpdate":true,"showSkybox":true,"showFlares":true,"showImageEffects":true,"showParticleSystems":true},"in2DMode":false,"pivot":{"x":12.589103698730469,"y":-11.802431106567383,"z":-12.945446014404297},"rotation":{"x":0.10501455515623093,"y":0.8909417986869812,"z":-0.2642296254634857,"w":0.35409975051879885},"size":13.34568977355957,"orthographic":false}